,Voters,date,voters_expected,voters_observed
223,"['Mr. Greenspan', 'Mr. Corrigan', 'Mr. Angell', 'Mr. Boehne', 'Mr. Boykin', 'Mr. Heller', 'Mr. Johnson', 'Mr. Keehn', 'Mr. Kelley', 'Ms. Seger', 'Mr. Stern']",1988-01-05,11.0,11.0
224,"['Mr. Greenspan', 'Mr. Corrigan', 'Mr. Angell', 'Mr. Black', 'Mr. Forrestal', 'Mr. Heller', 'Mr. Hoskins', 'Mr. Johnson', 'Mr. Kelley', 'Mr. Parry', 'Ms. Seger']",1988-03-29,11.0,11.0
225,"['Mr. Greenspan', 'Mr. Corrigan', 'Mr. Angell', 'Mr. Black', 'Mr. Forrestal', 'Mr. Heller', 'Mr. Hoskins', 'Mr. Johnson', 'Mr. Kelley', 'Mr. Parry', 'Ms. Seger']",1988-05-17,11.0,11.0
226,"['Mr. Greenspan', 'Mr. Corrigan', 'Mr. Angell', 'Mr. Black', 'Mr. Forrestal', 'Mr. Heller', 'Mr. Hoskins', 'Mr. Johnson', 'Mr. LaWare', 'Mr. Parry', 'Ms. Seger']",1988-08-16,11.0,11.0
227,"['Mr. Greenspan', 'Mr. Corrigan', 'Mr. Angell', 'Mr. Black', 'Mr. Forrestal', 'Mr. Heller', 'Mr. Hoskins', 'Mr. Johnson', 'Mr. Kelley', 'Mr. LaWare', 'Mr. Parry', 'Ms. Seger']",1988-09-20,12.0,12.0
228,"['Mr. Greenspan', 'Mr. Corrigan', 'Mr. Angell', 'Mr. Black', 'Mr. Forrestal', 'Mr. Heller', 'Mr. Hoskins', 'Mr. Johnson', 'Mr. Kelley', 'Mr. LaWare', 'Mr. Parry', 'Ms. Seger']",1988-11-01,12.0,12.0
229,"['Mr. Greenspan', 'Mr. Corrigan', 'Mr. Angell', 'Mr. Guffey', 'Mr. Heller', 'Mr. Johnson', 'Mr. Keehn', 'Mr. Kelley', 'Mr. LaWare', 'Mr. Melzer', 'Ms. Seger', 'Mr. Syron']",1989-03-28,12.0,12.0
230,"['Mr. Greenspan', 'Mr. Corrigan', 'Mr. Angell', 'Mr. Guffey', 'Mr. Heller', 'Mr. Johnson', 'Mr. Keehn', 'Mr. Kelley', 'Mr. LaWare', 'Mr. Melzer', 'Ms. Seger', 'Mr. Syron']",1989-05-16,12.0,12.0
231,"['Mr. Greenspan', 'Mr. Corrigan', 'Mr. Angell', 'Mr. Guffey', 'Mr. Johnson', 'Mr. Keehn', 'Mr. Kelley', 'Mr. LaWare', 'Mr. Melzer', 'Ms. Seger', 'Mr. Syron']",1989-08-22,11.0,11.0
232,"['Mr. Greenspan', 'Mr. Corrigan', 'Mr. Angell', 'Mr. Guffey', 'Mr. Johnson', 'Mr. Keehn', 'Mr. Kelley', 'Mr. LaWare', 'Mr. Melzer', 'Ms. Seger', 'Mr. Syron']",1989-10-03,11.0,11.0
233,"['Mr. Greenspan', 'Mr. Corrigan', 'Mr. Angell', 'Mr. Guffey', 'Mr. Johnson', 'Mr. Keehn', 'Mr. Kelley', 'Mr. LaWare', 'Mr. Melzer', 'Ms. Seger', 'Mr. Syron']",1989-11-14,11.0,11.0
234,"['Mr. Greenspan', 'Mr. Corrigan', 'Mr. Angell', 'Mr. Boehne', 'Mr. Boykin', 'Mr. Hoskins', 'Mr. Johnson', 'Mr. Kelley', 'Mr. LaWare', 'Ms. Seger', 'Mr. Stern']",1990-03-27,11.0,11.0
235,"['Mr. Greenspan', 'Mr. Corrigan', 'Mr. Angell', 'Mr. Boehne', 'Mr. Boykin', 'Mr. Hoskins', 'Mr. Johnson', 'Mr. Kelley', 'Mr. LaWare', 'Ms. Seger', 'Mr. Stern']",1990-05-15,11.0,11.0
236,"['Mr. Greenspan', 'Mr. Corrigan', 'Mr. Angell', 'Mr. Boehne', 'Mr. Boykin', 'Mr. Hoskins', 'Mr. Kelley', 'Mr. LaWare', 'Mr. Mullins', 'Ms. Seger', 'Mr. Stern']",1990-08-21,11.0,11.0
237,"['Mr. Greenspan', 'Mr. Corrigan', 'Mr. Angell', 'Mr. Boehne', 'Mr. Boykin', 'Mr. Hoskins', 'Mr. Kelley', 'Mr. LaWare', 'Mr. Mullins', 'Ms. Seger', 'Mr. Stern']",1990-10-02,11.0,11.0
238,"['Mr. Greenspan', 'Mr. Corrigan', 'Mr. Angell', 'Mr. Boehne', 'Mr. Boykin', 'Mr. Hoskins', 'Mr. Kelley', 'Mr. LaWare', 'Mr. Mullins', 'Ms. Seger', 'Mr. Stern']",1990-11-13,11.0,11.0
239,"['Mr. Greenspan', 'Mr. Corrigan', 'Mr. Angell', 'Mr. Boehne', 'Mr. Boykin', 'Mr. Hoskins', 'Mr. Kelley', 'Mr. LaWare', 'Mr. Mullins', 'Ms. Seger', 'Mr. Stern']",1990-12-18,11.0,11.0
240,"['Mr. Greenspan', 'Mr. Corrigan', 'Mr. Angell', 'Mr. Black', 'Mr. Forrestal', 'Mr. Keehn', 'Mr. Kelley', 'Mr. LaWare', 'Mr. Mullins', 'Mr. Parry']",1991-03-26,10.0,10.0
241,"['Mr. Greenspan', 'Mr. Corrigan', 'Mr. Angell', 'Mr. Black', 'Mr. Forrestal', 'Mr. Keehn', 'Mr. Kelley', 'Mr. LaWare', 'Mr. Mullins', 'Mr. Parry']",1991-05-14,10.0,10.0
242,"['Mr. Greenspan', 'Mr. Corrigan', 'Mr. Angell', 'Mr. Black', 'Mr. Forrestal', 'Mr. Keehn', 'Mr. Kelley', 'Mr. LaWare', 'Mr. Mullins', 'Mr. Parry']",1991-08-20,10.0,10.0
243,"['Mr. Greenspan', 'Mr. Corrigan', 'Mr. Angell', 'Mr. Black', 'Mr. Forrestal', 'Mr. Keehn', 'Mr. Kelley', 'Mr. LaWare', 'Mr. Mullins', 'Mr. Parry']",1991-10-01,10.0,10.0
244,"['Mr. Greenspan', 'Mr. Corrigan', 'Mr. Angell', 'Mr. Black', 'Mr. Forrestal', 'Mr. Keehn', 'Mr. Kelley', 'Mr. LaWare', 'Mr. Mullins', 'Mr. Parry']",1991-11-05,10.0,10.0
245,"['Mr. Greenspan', 'Mr. Corrigan', 'Mr. Angell', 'Mr. Black', 'Mr. Forrestal', 'Mr. Keehn', 'Mr. Kelley', 'Mr. LaWare', 'Mr. Lindsey', 'Mr. Mullins', 'Mr. Parry', 'Ms. Phillips']",1991-12-17,12.0,12.0
246,"['Mr. Greenspan', 'Mr. Corrigan', 'Mr. Angell', 'Mr. Hoenig', 'Mr. Jordan', 'Mr. Kelley', 'Mr. LaWare', 'Mr. Lindsey', 'Mr. Melzer', 'Mr. Mullins', 'Ms. Phillips', 'Mr. Syron']",1992-03-31,12.0,12.0
247,"['Mr. Greenspan', 'Mr. Corrigan', 'Mr. Angell', 'Mr. Hoenig', 'Mr. Jordan', 'Mr. Kelley', 'Mr. LaWare', 'Mr. Lindsey', 'Mr. Melzer', 'Mr. Mullins', 'Ms. Phillips', 'Mr. Syron']",1992-05-19,12.0,12.0
248,"['Mr. Greenspan', 'Mr. Corrigan', 'Mr. Angell', 'Mr. Hoenig', 'Mr. Jordan', 'Mr. Kelley', 'Mr. LaWare', 'Mr. Lindsey', 'Mr. Melzer', 'Mr. Mullins', 'Ms. Phillips', 'Mr. Syron']",1992-08-18,12.0,12.0
249,"['Mr. Greenspan', 'Mr. Corrigan', 'Mr. Angell', 'Mr. Hoenig', 'Mr. Jordan', 'Mr. Kelley', 'Mr. LaWare', 'Mr. Lindsey', 'Mr. Melzer', 'Mr. Mullins', 'Ms. Phillips', 'Mr. Syron']",1992-10-06,12.0,12.0
250,"['Mr. Greenspan', 'Mr. Corrigan', 'Mr. Angell', 'Mr. Hoenig', 'Mr. Jordan', 'Mr. Kelley', 'Mr. LaWare', 'Mr. Lindsey', 'Mr. Melzer', 'Mr. Mullins', 'Ms. Phillips', 'Mr. Syron']",1992-11-17,12.0,12.0
251,"['Mr. Greenspan', 'Mr. Corrigan', 'Mr. Angell', 'Mr. Hoenig', 'Mr. Jordan', 'Mr. Kelley', 'Mr. LaWare', 'Mr. Lindsey', 'Mr. Melzer', 'Mr. Mullins', 'Ms. Phillips', 'Mr. Syron']",1992-12-22,12.0,12.0
252,"['Mr. Greenspan', 'Mr. Corrigan', 'Mr. Angell', 'Mr. Boehne', 'Mr. Keehn', 'Mr. Kelley', 'Mr. LaWare', 'Mr. Lindsey', 'Mr. McTeer', 'Mr. Mullins', 'Ms. Phillips', 'Mr. Stern']",1993-02-03,12.0,12.0
253,"['Mr. Bernard', 'Mr. Coyne', 'Mr. Gillum', 'Mr. Mattingly', 'Mr. Patrikis', 'Mr. Prell', 'Mr. Truman', 'Mr. McDonough', 'Ms. Greene', 'Ms. Lovett', 'Mr. Ettin', 'Mr. Winn']",1993-03-23,12.0,12.0
254,"['Mr. Greenspan', 'Mr. Corrigan', 'Mr. Angell', 'Mr. Boehne', 'Mr. Keehn', 'Mr. Kelley', 'Mr. LaWare', 'Mr. Lindsey', 'Mr. McTeer', 'Mr. Mullins', 'Ms. Phillips', 'Mr. Stern']",1993-05-18,12.0,12.0
255,"['Mr. Greenspan', 'Mr. Mullins', 'Mr. Angell', 'Mr. Boehne', 'Mr. Keehn', 'Mr. Kelley', 'Mr. LaWare', 'Mr. Lindsey', 'Mr. McTeer', 'Mr. Oltman', 'Ms. Phillips', 'Mr. Stern']",1993-07-07,12.0,12.0
256,"['Mr. Greenspan', 'Mr. McDonough', 'Mr. Angell', 'Mr. Boehne', 'Mr. Keehn', 'Mr. Kelley', 'Mr. LaWare', 'Mr. Lindsey', 'Mr. McTeer', 'Mr. Mullins', 'Ms. Phillips', 'Mr. Stern']",1993-08-17,12.0,12.0
257,"['Mr. Greenspan', 'Mr. McDonough', 'Mr. Angell', 'Mr. Boehne', 'Mr. Keehn', 'Mr. Kelley', 'Mr. LaWare', 'Mr. Lindsey', 'Mr. McTeer', 'Mr. Mullins', 'Ms. Phillips', 'Mr. Stern']",1993-09-21,12.0,12.0
258,"['Mr. Greenspan', 'Mr. McDonough', 'Mr. Angell', 'Mr. Boehne', 'Mr. Keehn', 'Mr. Kelley', 'Mr. LaWare', 'Mr. Lindsey', 'Mr. McTeer', 'Mr. Mullins', 'Ms. Phillips', 'Mr. Stern']",1993-11-16,12.0,12.0
259,"['Mr. Greenspan', 'Mr. McDonough', 'Mr. Angell', 'Mr. Boehne', 'Mr. Keehn', 'Mr. Kelley', 'Mr. LaWare', 'Mr. Lindsey', 'Mr. McTeer', 'Mr. Mullins', 'Ms. Phillips', 'Mr. Stern']",1993-12-21,12.0,12.0
260,"['Mr. Greenspan', 'Mr. McDonough', 'Mr. Broaddus', 'Mr. Forrestal', 'Mr. Jordan', 'Mr. Kelley', 'Mr. LaWare', 'Mr. Lindsey', 'Mr. Parry', 'Ms. Phillips']",1994-02-04,10.0,10.0
261,"['Mr. Greenspan', 'Mr. McDonough', 'Mr. Broaddus', 'Mr. Forrestal', 'Mr. Jordan', 'Mr. Kelley', 'Mr. LaWare', 'Mr. Lindsey', 'Mr. Parry', 'Ms. Phillips']",1994-03-22,10.0,10.0
262,"['Mr. Greenspan', 'Mr. McDonough', 'Mr. Broaddus', 'Mr. Forrestal', 'Mr. Jordan', 'Mr. Kelley', 'Mr. LaWare', 'Mr. Lindsey', 'Mr. Parry', 'Ms. Phillips']",1994-05-17,10.0,10.0
263,"['Mr. Greenspan', 'Mr. McDonough', 'Mr. Blinder', 'Mr. Broaddus', 'Mr. Forrestal', 'Mr. Jordan', 'Mr. Kelley', 'Mr. LaWare', 'Mr. Lindsey', 'Mr. Parry', 'Ms. Phillips']",1994-07-06,11.0,11.0
264,"['Mr. Greenspan', 'Mr. McDonough', 'Mr. Blinder', 'Mr. Broaddus', 'Mr. Forrestal', 'Mr. Jordan', 'Mr. Kelley', 'Mr. LaWare', 'Mr. Lindsey', 'Mr. Parry', 'Ms. Phillips', 'Ms. Yellen']",1994-08-16,12.0,12.0
265,"['Mr. Greenspan', 'Mr. McDonough', 'Mr. Blinder', 'Mr. Broaddus', 'Mr. Forrestal', 'Mr. Jordan', 'Mr. Kelley', 'Mr. LaWare', 'Mr. Lindsey', 'Mr. Parry', 'Ms. Phillips', 'Ms. Yellen']",1994-09-27,12.0,12.0
266,"['Mr. Greenspan', 'Mr. McDonough', 'Mr. Blinder', 'Mr. Broaddus', 'Mr. Forrestal', 'Mr. Jordan', 'Mr. Kelley', 'Mr. LaWare', 'Mr. Lindsey', 'Mr. Parry', 'Ms. Phillips', 'Ms. Yellen']",1994-11-15,12.0,12.0
267,"['Mr. Greenspan', 'Mr. McDonough', 'Mr. Blinder', 'Mr. Broaddus', 'Mr. Forrestal', 'Mr. Jordan', 'Mr. Kelley', 'Mr. LaWare', 'Mr. Lindsey', 'Mr. Parry', 'Ms. Phillips', 'Ms. Yellen']",1994-12-20,12.0,12.0
268,"['Mr. Greenspan', 'Mr. McDonough', 'Mr. Blinder', 'Mr. Hoenig', 'Mr. Kelley', 'Mr. LaWare', 'Mr. Lindsey', 'Mr. Melzer', 'Ms. Minehan', 'Mr. Moskow', 'Ms. Phillips', 'Ms. Yellen']",1995-02-01,12.0,12.0
269,"['Mr. Greenspan', 'Mr. McDonough', 'Mr. Blinder', 'Mr. Hoenig', 'Mr. Kelley', 'Mr. Lindsey', 'Mr. Melzer', 'Ms. Minehan', 'Mr. Moskow', 'Ms. Phillips', 'Mr. Kohn']",1995-03-28,11.0,11.0
270,"['Mr. Greenspan', 'Mr. McDonough', 'Mr. Blinder', 'Mr. Hoenig', 'Mr. Kelley', 'Mr. Lindsey', 'Mr. Melzer', 'Ms. Minehan', 'Mr. Moskow', 'Ms. Phillips', 'Ms. Yellen']",1995-05-23,11.0,11.0
271,"['Mr. Greenspan', 'Mr. McDonough', 'Mr. Blinder', 'Mr. Hoenig', 'Mr. Kelley', 'Mr. Lindsey', 'Mr. Melzer', 'Ms. Minehan', 'Mr. Moskow', 'Ms. Phillips', 'Ms. Yellen']",1995-07-06,11.0,11.0
272,"['Mr. Greenspan', 'Mr. McDonough', 'Mr. Blinder', 'Mr. Hoenig', 'Mr. Kelley', 'Mr. Lindsey', 'Mr. Melzer', 'Ms. Minehan', 'Mr. Moskow', 'Ms. Phillips', 'Ms. Yellen']",1995-08-22,11.0,11.0
273,"['Mr. Greenspan', 'Mr. McDonough', 'Mr. Blinder', 'Mr. Hoenig', 'Mr. Kelley', 'Mr. Lindsey', 'Mr. Melzer', 'Ms. Minehan', 'Mr. Moskow', 'Ms. Phillips', 'Ms. Yellen']",1995-09-26,11.0,11.0
274,"['Mr. Greenspan', 'Mr. McDonough', 'Mr. Blinder', 'Mr. Hoenig', 'Mr. Kelley', 'Mr. Lindsey', 'Mr. Melzer', 'Ms. Minehan', 'Mr. Moskow', 'Ms. Phillips', 'Ms. Yellen']",1995-11-15,11.0,11.0
275,"['Mr. Greenspan', 'Mr. McDonough', 'Mr. Blinder', 'Mr. Hoenig', 'Mr. Kelley', 'Mr. Lindsey', 'Mr. Melzer', 'Ms. Minehan', 'Mr. Moskow', 'Ms. Phillips', 'Ms. Yellen']",1995-12-19,11.0,11.0
276,"['Mr. Greenspan', 'Mr. McDonough', 'Mr. Boehne', 'Mr. Jordan', 'Mr. Kelley', 'Mr. Lindsey', 'Mr. McTeer', 'Ms. Phillips', 'Mr. Stern', 'Ms. Yellen']",1996-01-31,10.0,10.0
277,"['Mr. Greenspan', 'Mr. McDonough', 'Mr. Boehne', 'Mr. Jordan', 'Mr. Kelley', 'Mr. Lindsey', 'Mr. McTeer', 'Ms. Phillips', 'Mr. Stern', 'Ms. Yellen']",1996-03-26,10.0,10.0
278,"['Mr. Greenspan', 'Mr. McDonough', 'Mr. Boehne', 'Mr. Jordan', 'Mr. Kelley', 'Mr. Lindsey', 'Mr. McTeer', 'Ms. Phillips', 'Mr. Stern', 'Ms. Yellen']",1996-05-21,10.0,10.0
279,"['Mr. Greenspan', 'Mr. McDonough', 'Mr. Boehne', 'Mr. Jordan', 'Mr. Kelley', 'Mr. Lindsey', 'Mr. McTeer', 'Mr. Meyer', 'Ms. Phillips', 'Ms. Rivlin', 'Mr. Stern', 'Ms. Yellen']",1996-07-03,12.0,12.0
280,"['Mr. Greenspan', 'Mr. McDonough', 'Mr. Boehne', 'Mr. Jordan', 'Mr. Kelley', 'Mr. Lindsey', 'Mr. McTeer', 'Mr. Meyer', 'Ms. Phillips', 'Ms. Rivlin', 'Mr. Stern', 'Ms. Yellen']",1996-08-20,12.0,12.0
281,"['Mr. Greenspan', 'Mr. McDonough', 'Mr. Boehne', 'Mr. Jordan', 'Mr. Kelley', 'Mr. Lindsey', 'Mr. McTeer', 'Mr. Meyer', 'Ms. Phillips', 'Ms. Rivlin', 'Mr. Stern', 'Ms. Yellen']",1996-09-24,12.0,12.0
282,"['Mr. Greenspan', 'Mr. McDonough', 'Mr. Boehne', 'Mr. Jordan', 'Mr. Kelley', 'Mr. Lindsey', 'Mr. McTeer', 'Mr. Meyer', 'Ms. Phillips', 'Ms. Rivlin', 'Mr. Stern', 'Ms. Yellen']",1996-11-13,12.0,12.0
283,"['Mr. Greenspan', 'Mr. McDonough', 'Mr. Boehne', 'Mr. Jordan', 'Mr. Kelley', 'Mr. Lindsey', 'Mr. McTeer', 'Mr. Meyer', 'Ms. Phillips', 'Ms. Rivlin', 'Mr. Stern', 'Ms. Yellen']",1996-12-17,12.0,12.0
284,"['Mr. Greenspan', 'Mr. McDonough', 'Mr. Broaddus', 'Mr. Guynn', 'Mr. Kelley', 'Mr. Meyer', 'Mr. Moskow', 'Mr. Parry', 'Ms. Phillips', 'Ms. Rivlin']",1997-02-05,10.0,10.0
285,"['Mr. Greenspan', 'Mr. McDonough', 'Mr. Broaddus', 'Mr. Guynn', 'Mr. Kelley', 'Mr. Meyer', 'Mr. Moskow', 'Mr. Parry', 'Ms. Phillips', 'Ms. Rivlin']",1997-03-25,10.0,10.0
286,"['Mr. Greenspan', 'Mr. McDonough', 'Mr. Broaddus', 'Mr. Guynn', 'Mr. Kelley', 'Mr. Meyer', 'Mr. Moskow', 'Mr. Parry', 'Ms. Phillips', 'Ms. Rivlin']",1997-05-20,10.0,10.0
287,"['Mr. Greenspan', 'Mr. McDonough', 'Mr. Broaddus', 'Mr. Guynn', 'Mr. Kelley', 'Mr. Moskow', 'Mr. Meyer', 'Mr. Parry', 'Ms. Phillips', 'Ms. Rivlin']",1997-07-02,10.0,10.0
288,"['Mr. Greenspan', 'Mr. McDonough', 'Mr. Broaddus', 'Mr. Guynn', 'Mr. Kelley', 'Mr. Moskow', 'Mr. Meyer', 'Mr. Parry', 'Ms. Phillips', 'Ms. Rivlin']",1997-08-19,10.0,10.0
289,"['Mr. Greenspan', 'Mr. McDonough', 'Mr. Broaddus', 'Mr. Guynn', 'Mr. Kelley', 'Mr. Moskow', 'Mr. Meyer', 'Mr. Parry', 'Ms. Phillips', 'Ms. Rivlin']",1997-09-30,10.0,10.0
290,"['Mr. Greenspan', 'Mr. McDonough', 'Mr. Broaddus', 'Mr. Ferguson', 'Mr. Gramlich', 'Mr. Guynn', 'Mr. Kelley', 'Mr. Moskow', 'Mr. Meyer', 'Mr. Parry', 'Ms. Phillips', 'Ms. Rivlin']",1997-11-12,12.0,12.0
291,"['Mr. Greenspan', 'Mr. McDonough', 'Mr. Broaddus', 'Mr. Ferguson', 'Mr. Gramlich', 'Mr. Guynn', 'Mr. Kelley', 'Mr. Moskow', 'Mr. Meyer', 'Mr. Parry', 'Ms. Phillips', 'Ms. Rivlin']",1997-12-16,12.0,12.0
292,"['Mr. Greenspan', 'Mr. McDonough', 'Mr. Ferguson', 'Mr. Gramlich', 'Mr. Hoenig', 'Mr. Jordan', 'Mr. Kelley', 'Mr. Meyer', 'Ms. Minehan', 'Ms. Phillips', 'Ms. Rivlin', 'Mr. Kohn']",1998-02-04,12.0,12.0
293,"['Mr. Greenspan', 'Mr. McDonough', 'Mr. Ferguson', 'Mr. Gramlich', 'Mr. Hoenig', 'Mr. Jordan', 'Mr. Kelley', 'Mr. Meyer', 'Ms. Minehan', 'Ms. Phillips', 'Mr. Poole', 'Ms. Rivlin']",1998-03-31,12.0,12.0
294,"['Mr. Greenspan', 'Mr. McDonough', 'Mr. Ferguson', 'Mr. Gramlich', 'Mr. Hoenig', 'Mr. Jordan', 'Mr. Kelley', 'Mr. Meyer', 'Ms. Minehan', 'Ms. Phillips', 'Mr. Poole', 'Ms. Rivlin']",1998-05-19,12.0,12.0
295,"['Mr. Greenspan', 'Mr. McDonough', 'Mr. Ferguson', 'Mr. Gramlich', 'Mr. Hoenig', 'Mr. Jordan', 'Mr. Kelley', 'Mr. Meyer', 'Ms. Minehan', 'Mr. Poole', 'Ms. Rivlin']",1998-07-01,11.0,11.0
296,"['Mr. Greenspan', 'Mr. McDonough', 'Mr. Ferguson', 'Mr. Gramlich', 'Mr. Hoenig', 'Mr. Jordan', 'Mr. Kelley', 'Mr. Meyer', 'Ms. Minehan', 'Mr. Poole', 'Ms. Rivlin']",1998-08-18,11.0,11.0
297,"['Mr. Greenspan', 'Mr. McDonough', 'Mr. Ferguson', 'Mr. Gramlich', 'Mr. Hoenig', 'Mr. Jordan', 'Mr. Kelley', 'Mr. Meyer', 'Ms. Minehan', 'Mr. Poole', 'Ms. Rivlin']",1998-09-29,11.0,11.0
298,"['Mr. Greenspan', 'Mr. McDonough', 'Mr. Ferguson', 'Mr. Gramlich', 'Mr. Hoenig', 'Mr. Jordan', 'Mr. Kelley', 'Mr. Meyer', 'Ms. Minehan', 'Mr. Poole', 'Ms. Rivlin']",1998-11-17,11.0,11.0
299,"['Mr. Greenspan', 'Mr. McDonough', 'Mr. Ferguson', 'Mr. Gramlich', 'Mr. Hoenig', 'Mr. Jordan', 'Mr. Kelley', 'Mr. Meyer', 'Ms. Minehan', 'Mr. Poole', 'Ms. Rivlin']",1998-12-22,11.0,11.0
300,"['Mr. Greenspan', 'Mr. McDonough', 'Mr. Boehne', 'Mr. Ferguson', 'Mr. Gramlich', 'Mr. Kelley', 'Mr. McTeer', 'Mr. Meyer', 'Mr. Moskow', 'Ms. Rivlin', 'Mr. Stern']",1999-02-03,11.0,11.0
301,"['Mr. Greenspan', 'Mr. McDonough', 'Mr. Boehne', 'Mr. Ferguson', 'Mr. Gramlich', 'Mr. Kelley', 'Mr. McTeer', 'Mr. Meyer', 'Mr. Moskow', 'Ms. Rivlin', 'Mr. Stern']",1999-03-30,11.0,11.0
302,"['Mr. Greenspan', 'Mr. McDonough', 'Mr. Boehne', 'Mr. Ferguson', 'Mr. Gramlich', 'Mr. Kelley', 'Mr. McTeer', 'Mr. Meyer', 'Mr. Moskow', 'Ms. Rivlin', 'Mr. Stern']",1999-05-18,11.0,11.0
303,"['Mr. Greenspan', 'Mr. McDonough', 'Mr. Boehne', 'Mr. Ferguson', 'Mr. Gramlich', 'Mr. Kelley', 'Mr. McTeer', 'Mr. Meyer', 'Mr. Moskow', 'Mr. Stern']",1999-06-30,10.0,10.0
304,"['Mr. Greenspan', 'Mr. McDonough', 'Mr. Boehne', 'Mr. Ferguson', 'Mr. Gramlich', 'Mr. Kelley', 'Mr. McTeer', 'Mr. Meyer', 'Mr. Moskow', 'Mr. Stern']",1999-08-24,10.0,10.0
305,"['Mr. Greenspan', 'Mr. McDonough', 'Mr. Boehne', 'Mr. Ferguson', 'Mr. Gramlich', 'Mr. Kelley', 'Mr. McTeer', 'Mr. Meyer', 'Mr. Moskow', 'Mr. Stern']",1999-10-05,10.0,10.0
306,"['Mr. Greenspan', 'Mr. McDonough', 'Mr. Boehne', 'Mr. Ferguson', 'Mr. Gramlich', 'Mr. Kelley', 'Mr. McTeer', 'Mr. Meyer', 'Mr. Moskow', 'Mr. Stern']",1999-11-16,10.0,10.0
307,"['Mr. Greenspan', 'Mr. McDonough', 'Mr. Boehne', 'Mr. Ferguson', 'Mr. Gramlich', 'Mr. Kelley', 'Mr. McTeer', 'Mr. Meyer', 'Mr. Moskow', 'Mr. Stern']",1999-12-21,10.0,10.0
308,"['Mr. Greenspan', 'Mr. McDonough', 'Mr. Broaddus', 'Mr. Ferguson', 'Mr. Gramlich', 'Mr. Guynn', 'Mr. Jordan', 'Mr. Kelley', 'Mr. Meyer', 'Mr. Parry']",2000-02-02,10.0,10.0
309,"['Mr. Greenspan', 'Mr. McDonough', 'Mr. Broaddus', 'Mr. Ferguson', 'Mr. Gramlich', 'Mr. Guynn', 'Mr. Jordan', 'Mr. Kelley', 'Mr. Meyer', 'Mr. Parry']",2000-03-21,10.0,10.0
310,"['Mr. Greenspan', 'Mr. McDonough', 'Mr. Broaddus', 'Mr. Ferguson', 'Mr. Gramlich', 'Mr. Guynn', 'Mr. Jordan', 'Mr. Kelley', 'Mr. Meyer', 'Mr. Parry']",2000-05-16,10.0,10.0
311,"['Mr. Greenspan', 'Mr. McDonough', 'Mr. Broaddus', 'Mr. Ferguson', 'Mr. Gramlich', 'Mr. Guynn', 'Mr. Jordan', 'Mr. Kelley', 'Mr. Meyer', 'Mr. Parry']",2000-06-28,10.0,10.0
312,"['Mr. Greenspan', 'Mr. McDonough', 'Mr. Broaddus', 'Mr. Ferguson', 'Mr. Gramlich', 'Mr. Guynn', 'Mr. Jordan', 'Mr. Kelley', 'Mr. Meyer', 'Mr. Parry']",2000-08-22,10.0,10.0
313,"['Mr. Greenspan', 'Mr. McDonough', 'Mr. Broaddus', 'Mr. Ferguson', 'Mr. Gramlich', 'Mr. Guynn', 'Mr. Jordan', 'Mr. Kelley', 'Mr. Meyer', 'Mr. Parry']",2000-10-03,10.0,10.0
314,"['Mr. Greenspan', 'Mr. McDonough', 'Mr. Broaddus', 'Mr. Ferguson', 'Mr. Gramlich', 'Mr. Guynn', 'Mr. Kelley', 'Mr. Meyer', 'Mr. Parry', 'Mr. Hoenig']",2000-11-15,10.0,10.0
315,"['Mr. Greenspan', 'Mr. McDonough', 'Mr. Broaddus', 'Mr. Ferguson', 'Mr. Gramlich', 'Mr. Guynn', 'Mr. Jordan', 'Mr. Kelley', 'Mr. Meyer', 'Mr. Parry']",2000-12-19,10.0,10.0
316,"['Mr. Greenspan', 'Mr. McDonough', 'Mr. Ferguson', 'Mr. Gramlich', 'Mr. Hoenig', 'Mr. Kelley', 'Mr. Meyer', 'Ms. Minehan', 'Mr. Moskow', 'Mr. Poole']",2001-01-31,10.0,10.0
317,"['Mr. Greenspan', 'Mr. McDonough', 'Mr. Ferguson', 'Mr. Gramlich', 'Mr. Hoenig', 'Mr. Kelley', 'Mr. Meyer', 'Ms. Minehan', 'Mr. Moskow', 'Mr. Poole']",2001-03-20,10.0,10.0
318,"['Mr. Greenspan', 'Mr. McDonough', 'Mr. Ferguson', 'Mr. Gramlich', 'Mr. Hoenig', 'Mr. Kelley', 'Mr. Meyer', 'Ms. Minehan', 'Mr. Moskow', 'Mr. Poole']",2001-05-15,10.0,10.0
319,"['Mr. Greenspan', 'Mr. McDonough', 'Mr. Ferguson', 'Mr. Gramlich', 'Mr. Hoenig', 'Mr. Kelley', 'Mr. Meyer', 'Ms. Minehan', 'Mr. Moskow', 'Mr. Poole']",2001-06-27,10.0,10.0
320,"['Mr. Greenspan', 'Mr. McDonough', 'Mr. Ferguson', 'Mr. Gramlich', 'Mr. Hoenig', 'Mr. Kelley', 'Mr. Meyer', 'Ms. Minehan', 'Mr. Moskow', 'Mr. Poole']",2001-08-21,10.0,10.0
321,"['Mr. Greenspan', 'Mr. McDonough', 'Mr. Ferguson', 'Mr. Gramlich', 'Mr. Hoenig', 'Mr. Kelley', 'Mr. Meyer', 'Ms. Minehan', 'Mr. Moskow', 'Mr. Poole']",2001-10-02,10.0,10.0
322,"['Mr. Greenspan', 'Mr. McDonough', 'Mr. Ferguson', 'Mr. Gramlich', 'Mr. Hoenig', 'Mr. Kelley', 'Mr. Meyer', 'Ms. Minehan', 'Mr. Moskow', 'Mr. Poole']",2001-11-06,10.0,10.0
323,"['Mr. Greenspan', 'Mr. McDonough', 'Ms. Bies', 'Mr. Ferguson', 'Mr. Gramlich', 'Mr. Hoenig', 'Mr. Meyer', 'Ms. Minehan', 'Mr. Moskow', 'Mr. Olson', 'Mr. Poole']",2001-12-11,11.0,11.0
324,"['Mr. Greenspan', 'Mr. McDonough', 'Ms. Bies', 'Mr. Ferguson', 'Mr. Gramlich', 'Mr. Jordan', 'Mr. McTeer', 'Mr. Olson', 'Mr. Santomero', 'Mr. Stern']",2002-01-30,10.0,10.0
325,"['Mr. Greenspan', 'Mr. McDonough', 'Ms. Bies', 'Mr. Ferguson', 'Mr. Gramlich', 'Mr. Jordan', 'Mr. McTeer', 'Mr. Olson', 'Mr. Santomero', 'Mr. Stern']",2002-03-19,10.0,10.0
326,"['Mr. Greenspan', 'Mr. McDonough', 'Ms. Bies', 'Mr. Ferguson', 'Mr. Gramlich', 'Mr. Jordan', 'Mr. McTeer', 'Mr. Olson', 'Mr. Santomero', 'Mr. Stern']",2002-05-07,10.0,10.0
327,"['Mr. Greenspan', 'Mr. McDonough', 'Ms. Bies', 'Mr. Ferguson', 'Mr. Gramlich', 'Mr. Jordan', 'Mr. McTeer', 'Mr. Olson', 'Mr. Santomero', 'Mr. Stern']",2002-06-26,10.0,10.0
328,"['Mr. Greenspan', 'Mr. McDonough', 'Mr. Bernanke', 'Ms. Bies', 'Mr. Ferguson', 'Mr. Gramlich', 'Mr. Jordan', 'Mr. Kohn', 'Mr. McTeer', 'Mr. Olson', 'Mr. Santomero', 'Mr. Stern']",2002-08-13,12.0,12.0
329,"['Mr. Greenspan', 'Mr. McDonough', 'Mr. Bernanke', 'Ms. Bies', 'Mr. Ferguson', 'Mr. Gramlich', 'Mr. Jordan', 'Mr. Kohn', 'Mr. McTeer', 'Mr. Olson', 'Mr. Santomero', 'Mr. Stern']",2002-09-24,12.0,12.0
330,"['Mr. Greenspan', 'Mr. McDonough', 'Mr. Bernanke', 'Ms. Bies', 'Mr. Ferguson', 'Mr. Gramlich', 'Mr. Jordan', 'Mr. Kohn', 'Mr. McTeer', 'Mr. Olson', 'Mr. Santomero', 'Mr. Stern']",2002-11-06,12.0,12.0
331,"['Mr. Greenspan', 'Mr. McDonough', 'Mr. Bernanke', 'Ms. Bies', 'Mr. Ferguson', 'Mr. Gramlich', 'Mr. Jordan', 'Mr. Kohn', 'Mr. McTeer', 'Mr. Olson', 'Mr. Santomero', 'Mr. Stern']",2002-12-10,12.0,12.0
332,"['Mr. Greenspan', 'Mr. McDonough', 'Mr. Bernanke', 'Ms. Bies', 'Mr. Broaddus', 'Mr. Ferguson', 'Mr. Gramlich', 'Mr. Guynn', 'Mr. Kohn', 'Mr. Moskow', 'Mr. Olson', 'Mr. Parry']",2003-01-29,12.0,12.0
333,"['Mr. Greenspan', 'Mr. McDonough', 'Mr. Bernanke', 'Ms. Bies', 'Mr. Broaddus', 'Mr. Ferguson', 'Mr. Gramlich', 'Mr. Guynn', 'Mr. Kohn', 'Mr. Moskow', 'Mr. Olson', 'Mr. Parry']",2003-03-18,12.0,12.0
334,"['Mr. Greenspan', 'Mr. McDonough', 'Mr. Bernanke', 'Ms. Bies', 'Mr. Broaddus', 'Mr. Ferguson', 'Mr. Gramlich', 'Mr. Guynn', 'Mr. Kohn', 'Mr. Moskow', 'Mr. Olson', 'Mr. Parry']",2003-05-06,12.0,12.0
335,"['Mr. Greenspan', 'Mr. Bernanke', 'Ms. Bies', 'Mr. Broaddus', 'Mr. Ferguson', 'Mr. Gramlich', 'Mr. Guynn', 'Mr. Kohn', 'Mr. Moskow', 'Mr. Olson', 'Mr. Parry', 'Mr. Hoenig']",2003-06-25,12.0,12.0
336,"['Mr. Greenspan', 'Mr. Bernanke', 'Ms. Bies', 'Mr. Broaddus', 'Mr. Ferguson', 'Mr. Gramlich', 'Mr. Guynn', 'Mr. Kohn', 'Mr. Moskow', 'Mr. Olson', 'Mr. Parry', 'Mr. Hoenig']",2003-08-12,12.0,12.0
337,"['Mr. Greenspan', 'Mr. Bernanke', 'Ms. Bies', 'Mr. Broaddus', 'Mr. Ferguson', 'Mr. Gramlich', 'Mr. Guynn', 'Mr. Kohn', 'Mr. Moskow', 'Mr. Olson', 'Mr. Parry', 'Mr. Hoenig']",2003-09-16,12.0,12.0
338,"['Mr. Greenspan', 'Mr. Bernanke', 'Ms. Bies', 'Mr. Broaddus', 'Mr. Ferguson', 'Mr. Gramlich', 'Mr. Guynn', 'Mr. Kohn', 'Mr. Moskow', 'Mr. Olson', 'Mr. Parry', 'Mr. Hoenig']",2003-10-28,12.0,12.0
339,"['Mr. Greenspan', 'Mr. Geithner', 'Mr. Bernanke', 'Ms. Bies', 'Mr. Broaddus', 'Mr. Ferguson', 'Mr. Gramlich', 'Mr. Guynn', 'Mr. Kohn', 'Mr. Moskow', 'Mr. Olson', 'Mr. Parry']",2003-12-09,12.0,12.0
340,"['Mr. Greenspan', 'Mr. Geithner', 'Mr. Bernanke', 'Ms. Bies', 'Mr. Ferguson', 'Mr. Gramlich', 'Mr. Hoenig', 'Mr. Kohn', 'Ms. Minehan', 'Mr. Olson', 'Ms. Pianalto', 'Mr. Poole']",2004-01-28,12.0,12.0
341,"['Mr. Greenspan', 'Mr. Geithner', 'Mr. Bernanke', 'Ms. Bies', 'Mr. Ferguson', 'Mr. Gramlich', 'Mr. Hoenig', 'Mr. Kohn', 'Ms. Minehan', 'Mr. Olson', 'Ms. Pianalto', 'Mr. Poole']",2004-03-16,12.0,12.0
342,"['Mr. Greenspan', 'Mr. Geithner', 'Mr. Bernanke', 'Ms. Bies', 'Mr. Ferguson', 'Mr. Gramlich', 'Mr. Hoenig', 'Mr. Kohn', 'Ms. Minehan', 'Mr. Olson', 'Ms. Pianalto', 'Mr. Poole']",2004-05-04,12.0,12.0
343,"['Mr. Greenspan', 'Mr. Geithner', 'Mr. Bernanke', 'Ms. Bies', 'Mr. Ferguson', 'Mr. Gramlich', 'Mr. Hoenig', 'Mr. Kohn', 'Ms. Minehan', 'Mr. Olson', 'Ms. Pianalto', 'Mr. Poole']",2004-06-30,12.0,12.0
344,"['Mr. Greenspan', 'Mr. Geithner', 'Mr. Bernanke', 'Ms. Bies', 'Mr. Ferguson', 'Mr. Gramlich', 'Mr. Hoenig', 'Mr. Kohn', 'Ms. Minehan', 'Mr. Olson', 'Ms. Pianalto', 'Mr. Poole']",2004-08-10,12.0,12.0
345,"['Mr. Greenspan', 'Mr. Geithner', 'Mr. Bernanke', 'Ms. Bies', 'Mr. Ferguson', 'Mr. Gramlich', 'Mr. Hoenig', 'Mr. Kohn', 'Ms. Minehan', 'Mr. Olson', 'Ms. Pianalto', 'Mr. Poole']",2004-09-21,12.0,12.0
346,"['Mr. Greenspan', 'Mr. Geithner', 'Mr. Bernanke', 'Ms. Bies', 'Mr. Ferguson', 'Mr. Gramlich', 'Mr. Hoenig', 'Mr. Kohn', 'Ms. Minehan', 'Mr. Olson', 'Ms. Pianalto', 'Mr. Poole']",2004-11-10,12.0,12.0
347,"['Mr. Greenspan', 'Mr. Geithner', 'Mr. Bernanke', 'Ms. Bies', 'Mr. Ferguson', 'Mr. Gramlich', 'Mr. Hoenig', 'Mr. Kohn', 'Ms. Minehan', 'Mr. Olson', 'Ms. Pianalto', 'Mr. Poole']",2004-12-14,12.0,12.0
348,"['Mr. Greenspan', 'Mr. Geithner', 'Mr. Bernanke', 'Ms. Bies', 'Mr. Ferguson', 'Mr. Gramlich', 'Mr. Kohn', 'Mr. Moskow', 'Mr. Olson', 'Mr. Santomero', 'Mr. Stern', 'Mr. Hoenig']",2005-02-02,12.0,12.0
349,"['Mr. Greenspan', 'Mr. Geithner', 'Mr. Bernanke', 'Ms. Bies', 'Mr. Ferguson', 'Mr. Gramlich', 'Mr. Kohn', 'Mr. Moskow', 'Mr. Olson', 'Mr. Santomero', 'Mr. Stern', 'Ms. Cumming']",2005-03-22,12.0,12.0
350,"['Mr. Greenspan', 'Mr. Geithner', 'Ms. Bies', 'Mr. Ferguson', 'Mr. Fisher', 'Mr. Gramlich', 'Mr. Kohn', 'Mr. Moskow', 'Mr. Olson', 'Mr. Santomero', 'Mr. Stern']",2005-05-03,11.0,11.0
351,"['Mr. Greenspan', 'Mr. Geithner', 'Ms. Bies', 'Mr. Ferguson', 'Mr. Fisher', 'Mr. Gramlich', 'Mr. Kohn', 'Mr. Moskow', 'Mr. Olson', 'Mr. Santomero', 'Mr. Stern']",2005-06-30,11.0,11.0
352,"['Mr. Greenspan', 'Mr. Geithner', 'Ms. Bies', 'Mr. Ferguson', 'Mr. Fisher', 'Mr. Kohn', 'Mr. Moskow', 'Mr. Olson', 'Mr. Santomero', 'Mr. Stern']",2005-08-09,10.0,10.0
353,"['Mr. Greenspan', 'Mr. Geithner', 'Ms. Bies', 'Mr. Ferguson', 'Mr. Fisher', 'Mr. Kohn', 'Mr. Moskow', 'Mr. Olson', 'Mr. Santomero', 'Mr. Stern']",2005-09-20,10.0,10.0
354,"['Mr. Greenspan', 'Mr. Geithner', 'Ms. Bies', 'Mr. Ferguson', 'Mr. Fisher', 'Mr. Kohn', 'Mr. Moskow', 'Mr. Olson', 'Mr. Santomero', 'Mr. Stern']",2005-11-01,10.0,10.0
355,"['Mr. Greenspan', 'Mr. Geithner', 'Ms. Bies', 'Mr. Ferguson', 'Mr. Fisher', 'Mr. Kohn', 'Mr. Moskow', 'Mr. Olson', 'Mr. Santomero', 'Mr. Stern']",2005-12-13,10.0,10.0
356,"['Mr. Greenspan', 'Mr. Geithner', 'Ms. Bies', 'Mr. Ferguson', 'Mr. Guynn', 'Mr. Kohn', 'Mr. Lacker', 'Mr. Olson', 'Ms. Pianalto', 'Ms. Yellen']",2006-01-31,10.0,10.0
357,"['Mr. Bernanke', 'Mr. Geithner', 'Ms. Bies', 'Mr. Guynn', 'Mr. Kohn', 'Mr. Kroszner', 'Mr. Lacker', 'Mr. Olson', 'Ms. Pianalto', 'Mr. Warsh', 'Ms. Yellen']",2006-03-28,11.0,11.0
358,"['Mr. Bernanke', 'Mr. Geithner', 'Ms. Bies', 'Mr. Guynn', 'Mr. Kohn', 'Mr. Kroszner', 'Mr. Lacker', 'Mr. Olson', 'Ms. Pianalto', 'Mr. Warsh', 'Ms. Yellen']",2006-05-10,11.0,11.0
359,"['Mr. Bernanke', 'Mr. Geithner', 'Ms. Bies', 'Mr. Guynn', 'Mr. Kohn', 'Mr. Kroszner', 'Mr. Lacker', 'Ms. Pianalto', 'Mr. Warsh', 'Ms. Yellen']",2006-06-29,10.0,10.0
360,"['Mr. Bernanke', 'Mr. Geithner', 'Ms. Bies', 'Mr. Guynn', 'Mr. Kohn', 'Mr. Kroszner', 'Mr. Lacker', 'Ms. Pianalto', 'Mr. Warsh', 'Ms. Yellen']",2006-08-08,10.0,10.0
361,"['Mr. Bernanke', 'Mr. Geithner', 'Ms. Bies', 'Mr. Guynn', 'Mr. Kohn', 'Mr. Kroszner', 'Mr. Lacker', 'Mr. Mishkin', 'Ms. Pianalto', 'Mr. Warsh', 'Ms. Yellen']",2006-09-20,11.0,11.0
362,"['Mr. Bernanke', 'Mr. Geithner', 'Ms. Bies', 'Mr. Kohn', 'Mr. Kroszner', 'Mr. Lacker', 'Mr. Mishkin', 'Ms. Pianalto', 'Mr. Warsh', 'Ms. Yellen', 'Mr. Hoenig']",2006-10-25,11.0,11.0
363,"['Mr. Bernanke', 'Mr. Geithner', 'Ms. Bies', 'Mr. Kohn', 'Mr. Kroszner', 'Mr. Lacker', 'Mr. Mishkin', 'Ms. Pianalto', 'Mr. Warsh', 'Ms. Yellen', 'Ms. Cumming']",2006-12-12,11.0,11.0
364,"['Mr. Bernanke', 'Mr. Geithner', 'Ms. Bies', 'Mr. Hoenig', 'Mr. Kohn', 'Mr. Kroszner', 'Ms. Minehan', 'Mr. Mishkin', 'Mr. Moskow', 'Mr. Poole', 'Mr. Warsh']",2007-01-31,11.0,11.0
365,"['Mr. Bernanke', 'Mr. Geithner', 'Mr. Hoenig', 'Mr. Kohn', 'Mr. Kroszner', 'Ms. Minehan', 'Mr. Mishkin', 'Mr. Moskow', 'Mr. Poole', 'Mr. Warsh']",2007-03-21,10.0,10.0
366,"['Mr. Bernanke', 'Mr. Geithner', 'Mr. Hoenig', 'Mr. Kohn', 'Mr. Kroszner', 'Ms. Minehan', 'Mr. Mishkin', 'Mr. Moskow', 'Mr. Poole', 'Mr. Warsh']",2007-05-09,10.0,10.0
367,"['Mr. Bernanke', 'Mr. Geithner', 'Mr. Hoenig', 'Mr. Kohn', 'Mr. Kroszner', 'Ms. Minehan', 'Mr. Mishkin', 'Mr. Moskow', 'Mr. Poole', 'Mr. Warsh']",2007-06-28,10.0,10.0
368,"['Mr. Bernanke', 'Ms. Cumming', 'Ms. Yellen', 'Ms. Liang', 'Mr. Blanchard', 'Mr. Meyer', 'Ms. Dykes', 'Mr. Luecke', 'Mr. Driscoll', 'Ms. Low']",2007-08-07,10.0,10.0
369,"['Mr. Bernanke', 'Mr. Geithner', 'Mr. Evans', 'Mr. Hoenig', 'Mr. Kohn', 'Mr. Kroszner', 'Mr. Mishkin', 'Mr. Poole', 'Mr. Rosengren', 'Mr. Warsh']",2007-09-18,10.0,10.0
370,"['Mr. Bernanke', 'Ms. Cumming', 'Ms. Yellen', 'Mr. Madigan', 'Mr. Dudley', 'Mr. Struckmeyer', 'Mr. English', 'Mr. Wright', 'Mr. Zakraj', 'Mr. Blanchard']",2007-10-31,10.0,10.0
371,"['Mr. Bernanke', 'Mr. Geithner', 'Mr. Evans', 'Mr. Hoenig', 'Mr. Kohn', 'Mr. Kroszner', 'Mr. Mishkin', 'Mr. Poole', 'Mr. Rosengren', 'Mr. Warsh']",2007-12-11,10.0,10.0
372,"['Mr. Bernanke', 'Ms. Yellen', 'Mr. Madigan', 'Ms. Mester', 'Mr. Dudley', 'Mr. Struckmeyer', 'Mr. Parkinson', 'Mr. Clouse', 'Ms. Liang', 'Ms. Barger']",2008-01-30,10.0,10.0
373,"['Mr. Bernanke', 'Ms. Yellen', 'Mr. Sapenaro', 'Mr. Madigan', 'Ms. Mester', 'Mr. Dudley', 'Mr. Struckmeyer', 'Mr. Parkinson', 'Ms. Bailey', 'Mr. Clouse']",2008-03-18,10.0,10.0
374,"['Mr. Bernanke', 'Ms. Cumming', 'Mr. Lyon', 'Mr. Madigan', 'Ms. Mester', 'Mr. Dudley', 'Ms. J', 'Ms. Roseman', 'Mr. Struckmeyer', 'Mr. Blanchard']",2008-04-30,10.0,10.0
375,"['Mr. Bernanke', 'Ms. Cumming', 'Mr. Madigan', 'Ms. Mester', 'Mr. Dudley', 'Ms. J', 'Mr. Cole', 'Mr. Struckmeyer', 'Mr. Blanchard', 'Mr. Frierson']",2008-06-25,10.0,10.0
376,"['Mr. Bernanke', 'Mr. Geithner', 'Ms. Duke', 'Mr. Fisher', 'Mr. Kohn', 'Mr. Kroszner', 'Mr. Mishkin', 'Ms. Pianalto', 'Mr. Plosser', 'Mr. Stern', 'Mr. Warsh']",2008-08-05,11.0,11.0
377,"['Mr. Bernanke', 'Ms. Duke', 'Mr. Fisher', 'Mr. Kohn', 'Mr. Kroszner', 'Ms. Pianalto', 'Mr. Plosser', 'Mr. Stern', 'Mr. Warsh', 'Ms. Cumming']",2008-09-16,10.0,10.0
378,"['Mr. Bernanke', 'Ms. Cumming', 'Mr. Madigan', 'Ms. Mester', 'Mr. Dudley', 'Ms. Bailey', 'Mr. Clouse', 'Mr. Struckmeyer', 'Mr. Blanchard', 'Ms. Kole']",2008-10-29,10.0,10.0
379,"['Mr. Bernanke', 'Ms. Cumming', 'Mr. Madigan', 'Ms. Mester', 'Mr. Dudley', 'Mr. Cole', 'Ms. Johnson', 'Mr. Struckmeyer', 'Mr. Blanchard', 'Mr. Frierson']",2008-12-16,10.0,10.0
